{
  "Chris-Hemsworth-Feels-People-Dont-Take-Him-Seriously-As-An-Actor-Because-Of-His-Bulking-Up-1200x900_60acd8fa7f397.jpeg": 1216,
  "download (5).jpeg": 1169.337272630605,
  "1718178593429.png": 1216,
  "MV5BYjZlMDE2ODktMTc5Yy00MWFhLWFiNjEtYTFkZDhiOWIzOTVlXkEyXkFqcGdeQWZlZGVyaWdh._V1_.jpg": 1200.0645562556122,
  "MV5BMTM3OTUwMDYwNl5BMl5BanBnXkFtZTcwNTUyNzc3Nw@@._V1_.jpg": 1216,
  "images.jpeg": 1184,
  "download.jpeg": 1216,
  "the-7-best-chris-hemsworth-movie_h446.jpg": 1184,
  "download (2).jpeg": 1210.4552388186476,
  "images (1).jpeg": 1200.0339081301693,
  "MV5BOTU2MTI0NTIyNV5BMl5BanBnXkFtZTcwMTA4Nzc3OA@@._V1_FMjpg_UX1000_.jpg": 1168.0661832347098,
  "Ryan-Reynolds-Buying-Ottawa-Senators-01-110222-2568f0cb68a647b292ab5620889b843d.jpg": 1184,
  "ryan-reynolds-netflix-the-adam-project-1024x538.jpg": 1168.7023986633528,
  "Chris_Evans_2020_(cropped).jpg": 1214.5981711137829,
  "ryan-reynolds-once-spoke-about-click-a-picture-of-his-pnis-when-he-was-18-001.jpg": 1200.736306793522,
  "1718180478696.jpg": 1216.736306793522,
  "images (3).jpeg": 1185.4358728782763,
  "Chris_Evans_SDCC_2014.jpg": 1216.0676726427585,
  "031d5e2f8f5fd834bdcbc74144f7bef38ba90249.jpeg": 1216,
  "chris-evans-has-been-awarded-the-title-of-2021s-sxiest-man-alive-read-more-to-find-out-001.jpg": 1184,
  "Chris_Hemsworth_by_Gage_Skidmore_2_(cropped).jpg": 1230.5304984710244,
  "ryan-reynolds-ryan-renolds-wallpaper-preview.jpg": 1184,
  "actor-chris-evans-256240_large.jpg": 1200.6717439633312,
  "Chris_Evans_-_Captain_America_2_press_conference.jpg": 1216,
  "download (1).jpeg": 1184,
  "68747470733a2f2f73332e616d617a6f6e6177732e636f6d2f776174747061642d6d656469612d736572766963652f53746f7279496d6167652f5336445957316e41434a636d70513d3d2d313033303934353431372e31363636383334653736.jpeg": 1215.9660918698307,
  "scarlett-johansson-teaser.jpg": 1168.0338330211207,
  "1698989213_scarlett-johansson.jpg": 1231.263693206478,
  "scarlett-johansson-once-confessed-she-would-rather-be-with-someone-who-is-jealous-than-someone-who-is-never-jealous-001.jpg": 1169.4695015289756,
  "captain-america-chris-evans-wants-to-marry-this-is-the-reason-001.jpg": 1183.2605833939103,
  "chris-hemsworth-648b6bceba49e.jpg": 1218.0982942088476,
  "ryan-reynolds-makes-surprise-appearance-on-the-great-british-bake-off.jpg": 1184.736306793522,
  "456840961-min-1200x834.jpg": 1215.2314181019374,
  "chris-hemsworth-thor-love-and-thunder-071522-921f4c475e6041e18366fb83e0dcb010.jpg": 1216,
  "scarlett-johansson-today-show-111423-5e29eb446be1476186d1c97dfa767881.jpg": 1168.736306793522,
  "1718178590421.png": 1215.263693206478,
  "1200px-Deadpool_2_Japan_Premiere_Red_Carpet_Ryan_Reynolds_(cropped).jpg": 1215.2298601853572,
  "chris-evans_612x380_2-487f6dab12c3449d9c447c500c639f43.jpg": 1217.2742873007064,
  "c4a325947d909b636021544599029ef3.jpg": 1216,
  "chrishemsworth-three_four.jpg": 1184,
  "ryan-reynolds-20639933-1-402.jpg": 1216,
  "ryan-reynolds-in-denim-jacket-2sfqz295c6mt0bj6.jpg": 1184
}